email,password
ashleywalker@example.com,Ws3wN6$htM
michaeldavis@example.net,f1@WsJ2pKX
lauragarcia@example.com,R@4bj6kLmV
josephroberts@example.org,Uy3#mfVt8w
kimberlyadams@example.net,LT6$r2NkZo
brianwhite@example.org,dF7&vWpQzM
susanlopez@example.com,tS1#YkG3nv
stevenhall@example.net,Zx5&QcPb9w
sarahallen@example.com,Ck2#yG6pJt
kevinwright@example.org,Vt3&rYxN8z
nancyhill@example.com,Ju7@PvB5wQ
georgemoore@example.net,Nq9$xUbMk7
jenniferclark@example.com,Yr4@NbVsKp
williamyoung@example.org,Bz2^WkTp5s
emilyscott@example.com,Fd6$hLtP9q
danielgreen@example.net,Xy3#qBnKcV
amandamartin@example.com,Lj5^xGpN2t
jamesking@example.com,Rp1!QdN8wZ
angelaturner@example.org,Kv6@LtWzM4
richardhill@example.com,Wy8^GtZk1m
jessicawright@example.net,Bt4#XnQmV6
markedwards@example.com,Hu2!MkZ7wQ
patriciabaker@example.org,Cf7*RtLsN9
charlesward@example.com,Yu9%gNkMv3
barbarajames@example.net,Qs3&JkYvXn
matthewmorris@example.com,Zr1@LbNc8w
lindarogers@example.com,Kw6^MdTzP7
kennethcook@example.net,Vc8!RyBqN2
sandramorgan@example.org,Pt5&XnMkYv
donaldbell@example.com,Mq7$VbLtNz
